{
  "rmse": 260.67953125841456,
  "mae": 202.95395865091464,
  "mape": 0.738958300306148,
  "nrmse_mean": 0.9614328830366607,
  "nrmse_range": 2.2528695122151454,
  "baseline_previsto": {
    "rmse": 356.378025063229,
    "mae": 287.1382113821138,
    "mape": 1.0526333662529999
  },
  "baseline_programado": {
    "rmse": 1941.8473555969904,
    "mae": 1898.928861788618,
    "mape": 6.971792431242586
  },
  "baseline_persistencia": {
    "rmse": 206.24090519489516,
    "mae": 163.95731707317069,
    "mape": 0.6104593370226128
  },
  "mode": "warm",
  "window_days": 180,
  "seq_len": 24,
  "epochs_effective": 34,
  "n_obs_train": 1411,
  "n_obs_val": 90,
  "n_obs_test": 516,
  "features": [
    "demanda_real",
    "demanda_prevista",
    "demanda_programada"
  ],
  "targets": [
    "demanda_real"
  ],
  "run_dir": "artifacts\\run_20251022T093353Z",
  "seed": 42
}