{
  "rmse": 156.00603443876358,
  "mae": 126.61576373063453,
  "mape": 0.5694962915020109,
  "nrmse_mean": 0.6933364781570392,
  "nrmse_range": 1.6905725448500604,
  "baseline_previsto": {
    "rmse": 319.7356282168434,
    "mae": 259.2215447154472,
    "mape": 1.160084095387767
  },
  "baseline_programado": {
    "rmse": 1762.1864709889771,
    "mae": 1727.2764227642276,
    "mape": 7.6545742521216
  },
  "baseline_persistencia": {
    "rmse": 173.89169370102584,
    "mae": 139.78861788617886,
    "mape": 0.6256867424629384
  },
  "mode": "warm",
  "window_days": 180,
  "seq_len": 24,
  "epochs": 14,
  "n_obs_train": 1411,
  "n_obs_val": 90,
  "n_obs_test": 516,
  "features": [
    "demanda_real",
    "demanda_prevista",
    "demanda_programada"
  ],
  "targets": [
    "demanda_real"
  ],
  "run_dir": "artifacts\\run_20251020T080940Z",
  "seed": 42,
  "test_mode": false
}