{
  "rmse": 251.0077251885088,
  "mae": 202.05711384226638,
  "mape": 0.9053748669162007,
  "nrmse_mean": 1.115551797714101,
  "nrmse_range": 2.720066376121682,
  "baseline_previsto": {
    "rmse": 319.7356282168434,
    "mae": 259.2215447154472,
    "mape": 1.160084095387767
  },
  "baseline_programado": {
    "rmse": 1762.1864709889771,
    "mae": 1727.2764227642276,
    "mape": 7.6545742521216
  },
  "baseline_persistencia": {
    "rmse": 173.89169370102584,
    "mae": 139.78861788617886,
    "mape": 0.6256867424629384
  },
  "mode": "warm",
  "window_days": 180,
  "seq_len": 24,
  "epochs": 13,
  "n_obs_train": 1411,
  "n_obs_val": 90,
  "n_obs_test": 516,
  "features": [
    "demanda_real",
    "demanda_prevista",
    "demanda_programada"
  ],
  "targets": [
    "demanda_real"
  ],
  "run_dir": "artifacts\\run_20251020T101400Z",
  "seed": 42,
  "test_mode": false
}